{
  "Fetch a list of users with pagination" : {
    "transaction" : "Fetch a list of users with pagination",
    "sampleCount" : 20,
    "errorCount" : 0,
    "errorPct" : 0.0,
    "meanResTime" : 241.04999999999993,
    "medianResTime" : 189.0,
    "minResTime" : 37.0,
    "maxResTime" : 531.0,
    "pct1ResTime" : 531.0,
    "pct2ResTime" : 531.0,
    "pct3ResTime" : 531.0,
    "throughput" : 23.36448598130841,
    "receivedKBytesPerSec" : 55.52487952686916,
    "sentKBytesPerSec" : 3.35408148364486
  },
  "Delete a user" : {
    "transaction" : "Delete a user",
    "sampleCount" : 20,
    "errorCount" : 10,
    "errorPct" : 50.0,
    "meanResTime" : 248.95,
    "medianResTime" : 250.0,
    "minResTime" : 237.0,
    "maxResTime" : 267.0,
    "pct1ResTime" : 257.8,
    "pct2ResTime" : 266.55,
    "pct3ResTime" : 267.0,
    "throughput" : 33.277870216306155,
    "receivedKBytesPerSec" : 44.1208012687188,
    "sentKBytesPerSec" : 7.697132383527454
  },
  "Total" : {
    "transaction" : "Total",
    "sampleCount" : 100,
    "errorCount" : 10,
    "errorPct" : 10.0,
    "meanResTime" : 317.3499999999999,
    "medianResTime" : 253.5,
    "minResTime" : 15.0,
    "maxResTime" : 712.0,
    "pct1ResTime" : 628.9,
    "pct2ResTime" : 666.8999999999997,
    "pct3ResTime" : 711.8799999999999,
    "throughput" : 47.961630695443645,
    "receivedKBytesPerSec" : 77.52313773980815,
    "sentKBytesPerSec" : 9.833071043165468
  },
  "Fetch a single user by ID" : {
    "transaction" : "Fetch a single user by ID",
    "sampleCount" : 20,
    "errorCount" : 0,
    "errorPct" : 0.0,
    "meanResTime" : 21.550000000000004,
    "medianResTime" : 20.5,
    "minResTime" : 15.0,
    "maxResTime" : 39.0,
    "pct1ResTime" : 30.900000000000002,
    "pct2ResTime" : 38.599999999999994,
    "pct3ResTime" : 39.0,
    "throughput" : 59.347181008902076,
    "receivedKBytesPerSec" : 99.02111925074183,
    "sentKBytesPerSec" : 8.635478486646884
  },
  "Create a new user" : {
    "transaction" : "Create a new user",
    "sampleCount" : 20,
    "errorCount" : 0,
    "errorPct" : 0.0,
    "meanResTime" : 603.9499999999999,
    "medianResTime" : 628.5,
    "minResTime" : 457.0,
    "maxResTime" : 712.0,
    "pct1ResTime" : 699.1,
    "pct2ResTime" : 711.4,
    "pct3ResTime" : 712.0,
    "throughput" : 25.31645569620253,
    "receivedKBytesPerSec" : 34.50356012658228,
    "sentKBytesPerSec" : 6.996637658227848
  },
  "Update an existing user" : {
    "transaction" : "Update an existing user",
    "sampleCount" : 20,
    "errorCount" : 0,
    "errorPct" : 0.0,
    "meanResTime" : 471.25,
    "medianResTime" : 484.0,
    "minResTime" : 240.0,
    "maxResTime" : 568.0,
    "pct1ResTime" : 563.8,
    "pct2ResTime" : 567.8,
    "pct3ResTime" : 568.0,
    "throughput" : 33.3889816360601,
    "receivedKBytesPerSec" : 45.011542675292155,
    "sentKBytesPerSec" : 7.625013042570952
  }
}