{
  "Fetch a list of users with pagination" : {
    "transaction" : "Fetch a list of users with pagination",
    "sampleCount" : 15,
    "errorCount" : 0,
    "errorPct" : 0.0,
    "meanResTime" : 240.39999999999998,
    "medianResTime" : 168.0,
    "minResTime" : 55.0,
    "maxResTime" : 523.0,
    "pct1ResTime" : 523.0,
    "pct2ResTime" : 523.0,
    "pct3ResTime" : 523.0,
    "throughput" : 16.64816870144284,
    "receivedKBytesPerSec" : 39.57083275527192,
    "sentKBytesPerSec" : 2.389922655382908
  },
  "Delete a user" : {
    "transaction" : "Delete a user",
    "sampleCount" : 15,
    "errorCount" : 0,
    "errorPct" : 0.0,
    "meanResTime" : 248.46666666666664,
    "medianResTime" : 247.0,
    "minResTime" : 240.0,
    "maxResTime" : 261.0,
    "pct1ResTime" : 261.0,
    "pct2ResTime" : 261.0,
    "pct3ResTime" : 261.0,
    "throughput" : 22.761760242792107,
    "receivedKBytesPerSec" : 28.400334313353564,
    "sentKBytesPerSec" : 5.265138941578148
  },
  "Total" : {
    "transaction" : "Total",
    "sampleCount" : 75,
    "errorCount" : 0,
    "errorPct" : 0.0,
    "meanResTime" : 328.64000000000004,
    "medianResTime" : 251.0,
    "minResTime" : 21.0,
    "maxResTime" : 705.0,
    "pct1ResTime" : 671.8,
    "pct2ResTime" : 681.2,
    "pct3ResTime" : 705.0,
    "throughput" : 34.81894150417828,
    "receivedKBytesPerSec" : 55.690358054781804,
    "sentKBytesPerSec" : 7.138789751624884
  },
  "Fetch a single user by ID" : {
    "transaction" : "Fetch a single user by ID",
    "sampleCount" : 15,
    "errorCount" : 0,
    "errorPct" : 0.0,
    "meanResTime" : 29.866666666666664,
    "medianResTime" : 24.0,
    "minResTime" : 21.0,
    "maxResTime" : 58.0,
    "pct1ResTime" : 55.6,
    "pct2ResTime" : 58.0,
    "pct3ResTime" : 58.0,
    "throughput" : 37.87878787878788,
    "receivedKBytesPerSec" : 63.217625473484844,
    "sentKBytesPerSec" : 5.5116595643939394
  },
  "Create a new user" : {
    "transaction" : "Create a new user",
    "sampleCount" : 15,
    "errorCount" : 0,
    "errorPct" : 0.0,
    "meanResTime" : 612.1999999999999,
    "medianResTime" : 671.0,
    "minResTime" : 463.0,
    "maxResTime" : 705.0,
    "pct1ResTime" : 693.0,
    "pct2ResTime" : 705.0,
    "pct3ResTime" : 705.0,
    "throughput" : 17.68867924528302,
    "receivedKBytesPerSec" : 24.04209352889151,
    "sentKBytesPerSec" : 4.88857053360849
  },
  "Update an existing user" : {
    "transaction" : "Update an existing user",
    "sampleCount" : 15,
    "errorCount" : 0,
    "errorPct" : 0.0,
    "meanResTime" : 512.2666666666667,
    "medianResTime" : 605.0,
    "minResTime" : 242.0,
    "maxResTime" : 659.0,
    "pct1ResTime" : 656.0,
    "pct2ResTime" : 659.0,
    "pct3ResTime" : 659.0,
    "throughput" : 22.727272727272727,
    "receivedKBytesPerSec" : 30.55456912878788,
    "sentKBytesPerSec" : 5.190577651515151
  }
}